{"cameraMode":{"drawMode":0,"name":"Shaded","section":"Shading Mode"},"sceneLighting":false,"audioPlay":false,"sceneViewState":{"m_AlwaysRefresh":false,"showFog":true,"showSkybox":false,"showFlares":true,"showImageEffects":true,"showParticleSystems":true,"showVisualEffectGraphs":true,"m_FxEnabled":true},"in2DMode":false,"pivot":{"x":-0.41547292470932009,"y":-0.17426109313964845,"z":-0.5092524290084839},"rotation":{"x":0.5865379571914673,"y":-0.38013434410095217,"z":0.3612254858016968,"w":0.6172415018081665},"size":6.622783184051514,"orthographic":false}