{"cameraMode":{"drawMode":0,"name":"Shaded","section":"Shading Mode"},"sceneLighting":false,"audioPlay":false,"sceneViewState":{"m_AlwaysRefresh":false,"showFog":true,"showSkybox":false,"showFlares":true,"showImageEffects":true,"showParticleSystems":true,"showVisualEffectGraphs":true,"m_FxEnabled":true},"in2DMode":false,"pivot":{"x":-2.534766674041748,"y":0.9620053768157959,"z":-0.33716529607772829},"rotation":{"x":0.2129429131746292,"y":-0.2908637821674347,"z":0.06657156348228455,"w":0.9303879737854004},"size":3.4390151500701906,"orthographic":false}