{"cameraMode":{"drawMode":0,"name":"Shaded","section":"Shading Mode"},"sceneLighting":false,"audioPlay":false,"sceneViewState":{"m_AlwaysRefresh":false,"showFog":true,"showSkybox":false,"showFlares":true,"showImageEffects":true,"showParticleSystems":true,"showVisualEffectGraphs":true,"m_FxEnabled":true},"in2DMode":false,"pivot":{"x":0.014383673667907715,"y":0.28020626306533816,"z":-0.00022490322589874268},"rotation":{"x":0.29510337114334109,"y":-0.3250989615917206,"z":0.10755410045385361,"w":0.8919960260391235},"size":0.43540218472480776,"orthographic":false}