{"cameraMode":{"drawMode":0,"name":"Shaded","section":"Shading Mode"},"sceneLighting":false,"audioPlay":false,"sceneViewState":{"m_AlwaysRefresh":false,"showFog":true,"showSkybox":false,"showFlares":true,"showImageEffects":true,"showParticleSystems":true,"showVisualEffectGraphs":true,"m_FxEnabled":true},"in2DMode":false,"pivot":{"x":-0.12398171424865723,"y":-0.5624423027038574,"z":0.43351906538009646},"rotation":{"x":0.3841148912906647,"y":-0.47757911682128909,"z":0.2440980076789856,"w":0.7515233755111694},"size":1.8656527996063233,"orthographic":false}