{"cameraMode":{"drawMode":0,"name":"Shaded","section":"Shading Mode"},"sceneLighting":true,"audioPlay":false,"sceneViewState":{"m_AlwaysRefresh":false,"showFog":true,"showSkybox":true,"showFlares":true,"showImageEffects":true,"showParticleSystems":true,"showVisualEffectGraphs":true,"m_FxEnabled":true},"in2DMode":false,"pivot":{"x":49.079654693603519,"y":-26.403053283691408,"z":51.20878219604492},"rotation":{"x":0.3140363395214081,"y":0.01794120855629444,"z":-0.005935444962233305,"w":0.9492242336273193},"size":51.41864776611328,"orthographic":false}