{"cameraMode":{"drawMode":0,"name":"Shaded","section":"Shading Mode"},"sceneLighting":true,"audioPlay":false,"sceneViewState":{"m_AlwaysRefresh":false,"showFog":true,"showSkybox":true,"showFlares":true,"showImageEffects":true,"showParticleSystems":true,"showVisualEffectGraphs":true,"m_FxEnabled":true},"in2DMode":false,"pivot":{"x":54.05567169189453,"y":-28.065750122070314,"z":25.52222442626953},"rotation":{"x":0.4913761019706726,"y":-0.024815453216433526,"z":0.014008007012307644,"w":0.8704817891120911},"size":49.38574981689453,"orthographic":false}