{"cameraMode":{"drawMode":0,"name":"Shaded","section":"Shading Mode"},"sceneLighting":true,"audioPlay":false,"sceneViewState":{"m_AlwaysRefresh":false,"showFog":true,"showSkybox":true,"showFlares":true,"showImageEffects":true,"showParticleSystems":true,"showVisualEffectGraphs":true,"m_FxEnabled":true},"in2DMode":false,"pivot":{"x":39.40843963623047,"y":30.046676635742189,"z":-35.665061950683597},"rotation":{"x":-0.2795674204826355,"y":-0.031380727887153628,"z":0.009150948375463486,"w":-0.9595669507980347},"size":21.133766174316408,"orthographic":false}