{"cameraMode":{"drawMode":0,"name":"Shaded","section":"Shading Mode"},"sceneLighting":true,"audioPlay":false,"sceneViewState":{"m_AlwaysRefresh":false,"showFog":true,"showSkybox":true,"showFlares":true,"showImageEffects":true,"showParticleSystems":true,"showVisualEffectGraphs":true,"m_FxEnabled":true},"in2DMode":false,"pivot":{"x":1694.1341552734375,"y":1966.4110107421875,"z":291.488525390625},"rotation":{"x":0.011829569935798645,"y":-0.16837511956691743,"z":-0.002012498676776886,"w":-0.9856473207473755},"size":29.240476608276368,"orthographic":false}