{"cameraMode":{"drawMode":0,"name":"Shaded","section":"Shading Mode"},"sceneLighting":false,"audioPlay":false,"sceneViewState":{"m_AlwaysRefresh":false,"showFog":true,"showSkybox":false,"showFlares":true,"showImageEffects":true,"showParticleSystems":true,"showVisualEffectGraphs":true,"m_FxEnabled":true},"in2DMode":false,"pivot":{"x":1.5092201232910157,"y":1.5432178974151612,"z":-2.3577523231506349},"rotation":{"x":0.20600876212120057,"y":-0.18800966441631318,"z":0.040367744863033298,"w":0.9594690799713135},"size":4.09028434753418,"orthographic":false}