{"cameraMode":{"drawMode":0,"name":"Shaded","section":"Shading Mode"},"sceneLighting":false,"audioPlay":false,"sceneViewState":{"m_AlwaysRefresh":false,"showFog":true,"showSkybox":false,"showFlares":true,"showImageEffects":true,"showParticleSystems":true,"showVisualEffectGraphs":true,"m_FxEnabled":true},"in2DMode":false,"pivot":{"x":-0.22770820558071137,"y":0.26305273175239565,"z":-0.12688687443733216},"rotation":{"x":-0.3057202994823456,"y":-0.549820601940155,"z":0.22600708901882173,"w":-0.7437449097633362},"size":0.5407316088676453,"orthographic":false}