{"cameraMode":{"drawMode":0,"name":"Shaded","section":"Shading Mode"},"sceneLighting":false,"audioPlay":false,"sceneViewState":{"m_AlwaysRefresh":false,"showFog":true,"showSkybox":false,"showFlares":true,"showImageEffects":true,"showParticleSystems":true,"showVisualEffectGraphs":true,"m_FxEnabled":true},"in2DMode":false,"pivot":{"x":-0.015475481748580933,"y":0.3175790309906006,"z":-0.08349063992500305},"rotation":{"x":-0.3057202994823456,"y":-0.549820601940155,"z":0.22600708901882173,"w":-0.7437449097633362},"size":0.5631576180458069,"orthographic":false}