{"cameraMode":{"drawMode":0,"name":"Shaded","section":"Shading Mode"},"sceneLighting":false,"audioPlay":false,"sceneViewState":{"m_AlwaysRefresh":false,"showFog":true,"showSkybox":false,"showFlares":true,"showImageEffects":true,"showParticleSystems":true,"showVisualEffectGraphs":true,"m_FxEnabled":true},"in2DMode":false,"pivot":{"x":0.7519712448120117,"y":1.106307029724121,"z":-0.9407343864440918},"rotation":{"x":0.32674306631088259,"y":-0.24284182488918305,"z":0.08727053552865982,"w":0.9092037081718445},"size":5.518142223358154,"orthographic":false}