{"cameraMode":{"drawMode":0,"name":"Shaded","section":"Shading Mode"},"sceneLighting":false,"audioPlay":false,"sceneViewState":{"m_AlwaysRefresh":false,"showFog":true,"showSkybox":false,"showFlares":true,"showImageEffects":true,"showParticleSystems":true,"showVisualEffectGraphs":true,"m_FxEnabled":true},"in2DMode":false,"pivot":{"x":-0.4762943685054779,"y":0.6657047271728516,"z":-0.35333919525146487},"rotation":{"x":0.4902684688568115,"y":0.0013073571026325226,"z":-0.0007354044355452061,"w":0.8715704083442688},"size":7.309074878692627,"orthographic":false}