{"cameraMode":{"drawMode":0,"name":"Shaded","section":"Shading Mode"},"sceneLighting":false,"audioPlay":false,"sceneViewState":{"m_AlwaysRefresh":false,"showFog":true,"showSkybox":false,"showFlares":true,"showImageEffects":true,"showParticleSystems":true,"showVisualEffectGraphs":true,"m_FxEnabled":true},"in2DMode":false,"pivot":{"x":0.0854237750172615,"y":-0.04795694351196289,"z":0.6420254707336426},"rotation":{"x":0.20405636727809907,"y":-0.0014684376074001194,"z":0.000306083878967911,"w":0.9789572358131409},"size":3.8124167919158937,"orthographic":false}